loan_id,borrower_id,sector_nace,loan_type,currency,outstanding_idr,total_equity_idr,total_debt_idr,pcaf_attribution_factor,borrower_emissions_tco2e,pcaf_data_quality_score,record_status,reporting_year
LN-2023-0000001,BOR-000001,energy_oil_gas,leasing,IDR,2000000000000,3190152000000,1897172000000,0.393134,445101.12,4.0,validated,2023
LN-2024-0000001,BOR-000001,energy_oil_gas,leasing,IDR,157663000000,3240511000000,1735760000000,0.031683,432525.12,3.0,validated,2024
LN-2023-0000002,BOR-000002,transportation_road,project_finance,IDR,162899000000,19978972000000,50000000000000,0.002328,96083.61,4.0,validated,2023
LN-2024-0000002,BOR-000002,transportation_road,project_finance,IDR,114126000000,19256048000000,50000000000000,0.001648,93778.78,4.0,validated,2024
LN-2023-0000003,BOR-000003,real_estate_residential,mortgage,IDR,1403806000000,4337975000000,498109000000,0.290277,5011.4,5.0,validated,2023
LN-2024-0000003,BOR-000003,real_estate_residential,mortgage,IDR,124546000000,4435385000000,571027000000,0.024877,4948.92,5.0,validated,2024
LN-2023-0000004,BOR-000004,transportation_road,revolving_credit,IDR,2000000000000,13922162000000,356100000000,0.140073,100789.22,3.0,validated,2023
LN-2024-0000004,BOR-000004,transportation_road,revolving_credit,IDR,2000000000000,14985138000000,327897000000,0.130608,102732.32,3.0,validated,2024
LN-2023-0000005,BOR-000005,manufacturing_food,term_loan,IDR,1678176000000,3507580000000,6127873000000,0.174167,155378.22,5.0,validated,2023
LN-2024-0000005,BOR-000005,manufacturing_food,term_loan,IDR,1419350000000,3499916000000,6575162000000,0.140877,154146.04,5.0,validated,2024
LN-2023-0000006,BOR-000006,real_estate_commercial,project_finance,USD,142486000000,8041037000000,4584373000000,0.011286,8826.28,3.0,validated,2023
LN-2024-0000006,BOR-000006,real_estate_commercial,project_finance,USD,996666000000,7929495000000,4519568000000,0.08006,8708.95,2.0,validated,2024
LN-2023-0000007,BOR-000007,manufacturing_steel,syndicated_loan,IDR,2000000000000,6281059000000,1759200000000,0.248748,346752.26,4.0,validated,2023
LN-2024-0000007,BOR-000007,manufacturing_steel,syndicated_loan,IDR,409353000000,6286088000000,1826212000000,0.050461,345091.9,4.0,rejected,2024
LN-2023-0000008,BOR-000008,retail_trade,leasing,USD,2000000000000,10069529000000,2099147000000,0.164356,4214.45,4.0,validated,2023
LN-2024-0000008,BOR-000008,retail_trade,leasing,USD,179178000000,10473366000000,2343626000000,0.01398,4416.14,4.0,validated,2024
LN-2023-0000009,BOR-000009,real_estate_residential,leasing,IDR,218426000000,7534569000000,797633000000,0.026215,4010.07,4.0,validated,2023
LN-2024-0000009,BOR-000009,real_estate_residential,leasing,IDR,171287000000,7958800000000,885222000000,0.019368,3775.77,4.0,validated,2024
LN-2023-0000010,BOR-000010,agriculture,project_finance,IDR,635123000000,30899369000000,7593109000000,0.0165,13362.5,5.0,validated,2023
LN-2024-0000010,BOR-000010,agriculture,project_finance,IDR,150433000000,30916671000000,8594596000000,0.003807,13597.58,5.0,validated,2024
LN-2023-0000011,BOR-000011,energy_oil_gas,term_loan,USD,643242000000,7085128000000,1307305000000,0.076645,312766.73,3.0,validated,2023
LN-2024-0000011,BOR-000011,energy_oil_gas,term_loan,USD,148158000000,7721301000000,1366845000000,0.016302,296125.17,3.0,validated,2024
LN-2023-0000012,BOR-000012,manufacturing_cement,revolving_credit,IDR,128242000000,50000000000000,3341584000000,0.002404,537351.75,4.0,validated,2023
LN-2024-0000012,BOR-000012,manufacturing_cement,revolving_credit,IDR,643699000000,50000000000000,3048441000000,0.012134,549710.25,4.0,validated,2024
LN-2023-0000013,BOR-000013,real_estate_residential,syndicated_loan,IDR,115298000000,6060364000000,29299028000000,0.003261,3222.96,3.0,pending,2023
LN-2024-0000013,BOR-000013,real_estate_residential,syndicated_loan,IDR,25390000000,6592219000000,27037848000000,0.000755,3159.39,3.0,validated,2024
LN-2023-0000014,BOR-000014,real_estate_commercial,syndicated_loan,IDR,789003000000,10287650000000,3808592000000,0.055973,7719.61,4.0,validated,2023
LN-2024-0000014,BOR-000014,real_estate_commercial,syndicated_loan,IDR,493001000000,9923012000000,3867539000000,0.035749,8068.46,3.0,validated,2024
LN-2023-0000015,BOR-000015,financial_services,term_loan,USD,2000000000000,4910310000000,11008785000000,0.125635,2267.65,3.0,validated,2023
LN-2024-0000015,BOR-000015,financial_services,term_loan,USD,193897000000,5034593000000,10093538000000,0.012817,2378.98,3.0,validated,2024
LN-2023-0000016,BOR-000016,manufacturing_steel,term_loan,IDR,818454000000,2041849000000,1861216000000,0.209695,132669.47,4.0,validated,2023
LN-2024-0000016,BOR-000016,manufacturing_steel,term_loan,IDR,90478000000,2133340000000,1687284000000,0.023681,137364.26,4.0,validated,2024
LN-2023-0000017,BOR-000017,manufacturing_steel,revolving_credit,USD,373566000000,15989383000000,12288495000000,0.013211,685238.02,5.0,validated,2023
LN-2024-0000017,BOR-000017,manufacturing_steel,revolving_credit,USD,447069000000,15487131000000,12892128000000,0.015753,631879.23,5.0,validated,2024
LN-2023-0000018,BOR-000018,real_estate_commercial,mortgage,IDR,617230000000,8733751000000,50000000000000,0.010509,30042.75,3.0,pending,2023
LN-2024-0000018,BOR-000018,real_estate_commercial,mortgage,IDR,1415806000000,9025504000000,50000000000000,0.023986,27653.13,2.0,validated,2024
LN-2023-0000019,BOR-000019,retail_trade,mortgage,USD,766253000000,1249470000000,964028000000,0.346173,14876.27,5.0,validated,2023
LN-2024-0000019,BOR-000019,retail_trade,mortgage,USD,338995000000,1256209000000,926002000000,0.155345,15499.54,5.0,validated,2024
LN-2023-0000020,BOR-000020,real_estate_commercial,syndicated_loan,USD,242648000000,23139047000000,2254758000000,0.009555,4147.61,3.0,validated,2023
LN-2024-0000020,BOR-000020,real_estate_commercial,syndicated_loan,USD,308833000000,22486284000000,2081246000000,0.012571,4140.9,3.0,validated,2024
LN-2023-0000021,BOR-000021,transportation_road,mortgage,IDR,134047000000,20061432000000,1341058000000,0.006263,135868.93,3.0,validated,2023
LN-2024-0000021,BOR-000021,transportation_road,mortgage,IDR,1104044000000,19758563000000,1457293000000,0.052039,138737.12,3.0,validated,2024
LN-2023-0000022,BOR-000022,financial_services,project_finance,IDR,1187563000000,5530881000000,1910362000000,0.159592,1530.51,5.0,validated,2023
LN-2024-0000022,BOR-000022,financial_services,project_finance,IDR,2000000000000,5326854000000,1884952000000,0.277323,1595.97,5.0,validated,2024
LN-2023-0000023,BOR-000023,real_estate_commercial,revolving_credit,IDR,263637000000,2374632000000,2358675000000,0.055698,15197.94,3.0,validated,2023
LN-2024-0000023,BOR-000023,real_estate_commercial,revolving_credit,IDR,915299000000,2507771000000,2408142000000,0.186191,14859.77,3.0,validated,2024
LN-2023-0000024,BOR-000024,real_estate_commercial,revolving_credit,USD,217439000000,8344898000000,956011000000,0.023378,14739.48,2.0,rejected,2023
LN-2024-0000024,BOR-000024,real_estate_commercial,revolving_credit,USD,2000000000000,9163555000000,958081000000,0.197597,14817.15,2.0,validated,2024
LN-2023-0000025,BOR-000025,real_estate_commercial,leasing,IDR,277173000000,7857300000000,3152583000000,0.025175,3759.91,3.0,validated,2023
LN-2024-0000025,BOR-000025,real_estate_commercial,leasing,IDR,662360000000,8487826000000,3058381000000,0.057366,3469.18,2.0,validated,2024
LN-2023-0000026,BOR-000026,manufacturing_steel,leasing,IDR,455940000000,1180311000000,3350538000000,0.10063,757658.84,4.0,validated,2023
LN-2024-0000026,BOR-000026,manufacturing_steel,leasing,IDR,1658044000000,1217407000000,3734943000000,0.334799,761280.45,4.0,validated,2024
LN-2023-0000027,BOR-000027,financial_services,revolving_credit,IDR,110316000000,8548102000000,4152719000000,0.008686,7285.51,4.0,validated,2023
LN-2024-0000027,BOR-000027,financial_services,revolving_credit,IDR,2000000000000,9095450000000,3976322000000,0.153001,6787.75,4.0,validated,2024
LN-2023-0000028,BOR-000028,manufacturing_cement,syndicated_loan,IDR,395770000000,27060451000000,2861692000000,0.013227,117975.14,3.0,validated,2023
LN-2024-0000028,BOR-000028,manufacturing_cement,syndicated_loan,IDR,1595831000000,26571326000000,2856186000000,0.054229,121597.12,3.0,validated,2024
LN-2023-0000029,BOR-000029,retail_trade,syndicated_loan,USD,1789627000000,363779000000,4219897000000,0.390435,9205.17,3.0,validated,2023
LN-2024-0000029,BOR-000029,retail_trade,syndicated_loan,USD,2000000000000,369671000000,4782032000000,0.388221,8944.51,3.0,validated,2024
LN-2023-0000030,BOR-000030,retail_trade,term_loan,IDR,530843000000,5854941000000,4000303000000,0.053864,7344.28,3.0,validated,2023
LN-2024-0000030,BOR-000030,retail_trade,term_loan,IDR,641390000000,6142860000000,3978671000000,0.063369,6886.27,3.0,validated,2024
LN-2023-0000031,BOR-000031,energy_oil_gas,revolving_credit,IDR,796153000000,2474130000000,13942683000000,0.048496,2949281.14,4.0,validated,2023
LN-2024-0000031,BOR-000031,energy_oil_gas,revolving_credit,IDR,259695000000,2561061000000,13161294000000,0.016518,2909020.29,4.0,validated,2024
LN-2023-0000032,BOR-000032,manufacturing_food,mortgage,IDR,224164000000,14125209000000,253163000000,0.01559,86447.67,3.0,validated,2023
LN-2024-0000032,BOR-000032,manufacturing_food,mortgage,IDR,518196000000,15104660000000,258984000000,0.033729,84497.78,3.0,validated,2024
LN-2023-0000033,BOR-000033,real_estate_commercial,syndicated_loan,USD,890878000000,9194183000000,9412377000000,0.04788,21069.13,5.0,validated,2023
LN-2024-0000033,BOR-000033,real_estate_commercial,syndicated_loan,USD,2000000000000,9723797000000,10155368000000,0.100608,19495.64,5.0,validated,2024
LN-2023-0000034,BOR-000034,real_estate_residential,mortgage,IDR,437290000000,11012144000000,369508000000,0.038421,1711.41,2.0,validated,2023
LN-2024-0000034,BOR-000034,real_estate_residential,mortgage,IDR,2000000000000,11216720000000,353152000000,0.172863,1658.3,2.0,validated,2024
LN-2023-0000035,BOR-000035,agriculture,leasing,IDR,404047000000,8761371000000,827865000000,0.042135,31428.97,5.0,pending,2023
LN-2024-0000035,BOR-000035,agriculture,leasing,IDR,65813000000,9480601000000,826068000000,0.006385,31596.32,5.0,validated,2024
LN-2023-0000036,BOR-000036,real_estate_residential,revolving_credit,IDR,416149000000,39820161000000,1764553000000,0.010007,1755.22,5.0,validated,2023
LN-2024-0000036,BOR-000036,real_estate_residential,revolving_credit,IDR,523595000000,42615199000000,1974297000000,0.011743,1718.39,5.0,validated,2024
LN-2023-0000037,BOR-000037,real_estate_commercial,term_loan,USD,1203826000000,5838315000000,2565950000000,0.14324,17322.89,4.0,rejected,2023
LN-2024-0000037,BOR-000037,real_estate_commercial,term_loan,USD,283128000000,6122350000000,2684563000000,0.032148,17105.32,4.0,validated,2024
LN-2023-0000038,BOR-000038,retail_trade,syndicated_loan,IDR,473666000000,13575109000000,340028000000,0.03404,8829.32,3.0,validated,2023
LN-2024-0000038,BOR-000038,retail_trade,syndicated_loan,IDR,148347000000,13434596000000,386239000000,0.010734,9161.78,3.0,validated,2024
LN-2023-0000039,BOR-000039,manufacturing_steel,revolving_credit,USD,179551000000,4478995000000,1637090000000,0.029357,757662.15,3.0,validated,2023
LN-2024-0000039,BOR-000039,manufacturing_steel,revolving_credit,USD,579529000000,4890102000000,1592105000000,0.089403,768660.04,3.0,rejected,2024
LN-2023-0000040,BOR-000040,real_estate_residential,project_finance,IDR,111571000000,8020186000000,8794311000000,0.006635,1719.87,4.0,validated,2023
LN-2024-0000040,BOR-000040,real_estate_residential,project_finance,IDR,1240073000000,8281989000000,9703013000000,0.06895,1774.55,4.0,validated,2024
LN-2023-0000041,BOR-000041,agriculture,mortgage,IDR,389206000000,2942065000000,19384788000000,0.017432,18894.58,5.0,pending,2023
LN-2024-0000041,BOR-000041,agriculture,mortgage,IDR,2000000000000,3124764000000,18462033000000,0.092649,18001.45,5.0,validated,2024
LN-2023-0000042,BOR-000042,real_estate_residential,syndicated_loan,USD,53945000000,11812936000000,32969844000000,0.001205,7765.6,4.0,validated,2023
LN-2024-0000042,BOR-000042,real_estate_residential,syndicated_loan,USD,156558000000,11796791000000,35890903000000,0.003283,7258.94,4.0,validated,2024
LN-2023-0000043,BOR-000043,transportation_road,syndicated_loan,IDR,536797000000,7422569000000,23953811000000,0.017108,88068.53,4.0,validated,2023
LN-2024-0000043,BOR-000043,transportation_road,syndicated_loan,IDR,749627000000,8094095000000,22897326000000,0.024188,83609.63,4.0,validated,2024
LN-2023-0000044,BOR-000044,real_estate_commercial,revolving_credit,USD,51544000000,14160426000000,1332052000000,0.003327,10292.96,2.0,validated,2023
LN-2024-0000044,BOR-000044,real_estate_commercial,revolving_credit,USD,244103000000,14907019000000,1360729000000,0.015005,9904.28,2.0,validated,2024
LN-2023-0000045,BOR-000045,transportation_road,term_loan,USD,21268000000,2522242000000,614683000000,0.00678,145604.37,3.0,rejected,2023
LN-2024-0000045,BOR-000045,transportation_road,term_loan,USD,64975000000,2541106000000,659809000000,0.020299,147015.83,3.0,rejected,2024
LN-2023-0000046,BOR-000046,manufacturing_cement,syndicated_loan,IDR,211766000000,7001474000000,691006000000,0.027529,468645.04,3.0,validated,2023
LN-2024-0000046,BOR-000046,manufacturing_cement,syndicated_loan,IDR,716546000000,7088751000000,780519000000,0.091056,450133.42,3.0,pending,2024
LN-2023-0000047,BOR-000047,real_estate_residential,leasing,IDR,201762000000,47364093000000,884890000000,0.004182,2902.51,3.0,validated,2023
LN-2024-0000047,BOR-000047,real_estate_residential,leasing,IDR,17516000000,50000000000000,944274000000,0.000344,2760.78,3.0,validated,2024
LN-2023-0000048,BOR-000048,financial_services,mortgage,USD,2000000000000,3266135000000,50000000000000,0.037547,6750.48,3.0,validated,2023
LN-2024-0000048,BOR-000048,financial_services,mortgage,USD,2000000000000,3515531000000,50000000000000,0.037372,6296.73,2.0,validated,2024
LN-2023-0000049,BOR-000049,real_estate_residential,syndicated_loan,IDR,145428000000,50000000000000,703537000000,0.002868,11793.42,3.0,validated,2023
LN-2024-0000049,BOR-000049,real_estate_residential,syndicated_loan,IDR,1820848000000,50000000000000,698092000000,0.035916,11507.15,3.0,validated,2024
LN-2023-0000050,BOR-000050,real_estate_commercial,term_loan,USD,166519000000,43921442000000,2546002000000,0.003584,6702.08,2.0,validated,2023
LN-2024-0000050,BOR-000050,real_estate_commercial,term_loan,USD,134616000000,48099476000000,2363034000000,0.002668,6795.12,2.0,pending,2024
